{"input":[0.5333333333333333,0,0,0,0,0,0.07450980392156863,0.396078431372549,0,0.396078431372549,0,0,0,0.4588235294117647,0,0,0,0,0,0,0.4588235294117647,0.01568627450980392,0.2901960784313726,0.3254901960784314,0,0,0.06274509803921569,0.3607843137254902,0,0,0,0,0,0.043137254901960784,0.4588235294117647,0,0.396078431372549,0.26666666666666666,0,0,0.1843137254901961,0.23137254901960785,0,0,0,0,0,0.396078431372549,0.06274509803921569,0.19607843137254902,0.11764705882352941,0.2196078431372549,0,0,0.3254901960784314,0.08627450980392157,0,0,0,0,0,0.48627450980392156,0,0.2196078431372549,0.07450980392156863,0.1607843137254902,0,0,0.42745098039215684,0,0,0,0,0,0.3176470588235294,0.12941176470588237,0.11764705882352941,0.01568627450980392,0.11764705882352941,0.08627450980392157,0,0,0.48627450980392156,0,0,0,0,0,0.5333333333333333,0,0.1607843137254902,0,0.12941176470588237,0.03137254901960784,0,0,0.4588235294117647,0,0,0,0,0.2549019607843137,0.19607843137254902,0.08627450980392157,0.03137254901960784,0,0.12941176470588237,0,0,0.08627450980392157,0.3254901960784314,0,0,0,0,0.5333333333333333,0,0.12941176470588237,0,0,0.13333333333333333,0,0,0.2549019607843137,0.1607843137254902,0,0,0,0.1843137254901961,0.26666666666666666,0.03137254901960784,0.03137254901960784,0,0,0.12941176470588237,0,0,0.396078431372549,0.03137254901960784,0],"x":10,"y":10}