{"input":[0,0,0,0,0.13333333333333333,0.12941176470588237,0.396078431372549,0,0,0,0,0.01568627450980392,0.2196078431372549,0,0,0,0,0,0.07450980392156863,0.13333333333333333,0.043137254901960784,0.1607843137254902,0,0,0.01568627450980392,0.5568627450980392,0,0,0,0,0,0,0,0.3843137254901961,0,0.03137254901960784,0.06274509803921569,0.03137254901960784,0.9568627450980393,0.1843137254901961,0,0,0,0,0,0,0,0.4588235294117647,0,0.13333333333333333,0.26666666666666666,0.8549019607843137,0.7215686274509804,0,0,0,0,0,0,0,0,0.34901960784313724,0.06274509803921569,0.26666666666666666,1,1,0.2549019607843137,0,0,0,0,0,0,0,0,0.19607843137254902,0.1843137254901961,0.4588235294117647,1,1,0,0.03137254901960784,0.13333333333333333,0.1607843137254902,0,0,0,0,0,0.07450980392156863,0.3137254901960784,0.6235294117647059,1,0.8117647058823529,0.6470588235294118,0.7215686274509804,0.5019607843137255,0.4588235294117647,0,0,0,0,0,0,0.396078431372549,0.7568627450980392,1,0.5019607843137255,0.043137254901960784,0,0,0,0,0,0,0,0,0,0.48627450980392156,0.8862745098039215,1,0.1607843137254902,0,0,0,0,0,0,0,0,0,0,0.5333333333333333,1,1,0.07450980392156863,0,0,0,0],"x":10,"y":4}