{"input":[0,0.42745098039215684,0,0,0.12941176470588237,0.26666666666666666,0,0,0,0,0.07450980392156863,0.592156862745098,0,0.13333333333333333,0.4588235294117647,0.7568627450980392,0.2549019607843137,0.07450980392156863,0.23137254901960785,0.6235294117647059,0.06274509803921569,0,0,0.3137254901960784,0.48627450980392156,0,0.2549019607843137,0.42745098039215684,0,0,0.1607843137254902,0.34901960784313724,0.23137254901960785,0.08627450980392157,0.3607843137254902,0.4745098039215686,0.48627450980392156,0.1843137254901961,0,0.3607843137254902,0.3254901960784314,0,0,0,0,0,0,0,0,0,0,0,0.4588235294117647,0.23137254901960785,0,0,0,0,0,0,0,0,0,0,0,0.5333333333333333,0.1607843137254902,0,0,0,0,0,0,0,0,0,0,0,0.5568627450980392,0.08627450980392157,0,0,0,0,0,0,0.047058823529411764,0,0,0,0,0.592156862745098,0.07450980392156863,0,0,0,0,0,0,0.03137254901960784,0.08627450980392157,0,0,0,0.592156862745098,0.047058823529411764,0,0,0,0,0,0,0,0.1607843137254902,0,0,0,0.592156862745098,0.047058823529411764,0,0,0,0,0,0,0,0,0.1607843137254902,0,0,0.592156862745098,0.06274509803921569,0,0,0,0,0,0,0,0],"x":10,"y":9}