{"input":[0,0,0,0,0,0,0,0,0,0,0,0,0,0,0.3254901960784314,0.4588235294117647,0.3607843137254902,0.1607843137254902,0.01568627450980392,0,0,0,0,0,0,0,0,0,0,0,0.1843137254901961,0.592156862745098,0.8862745098039215,0.5333333333333333,0.4588235294117647,0.396078431372549,0.2901960784313726,0.1843137254901961,0.07450980392156863,0,0,0,0.1607843137254902,0.08627450980392157,0,0,0.03137254901960784,0.34901960784313724,0.4588235294117647,0.3843137254901961,0.2549019607843137,0.2196078431372549,0.3176470588235294,0.42745098039215684,0.4588235294117647,0.4745098039215686,0.26666666666666666,0.08627450980392157,0.23137254901960785,0.3137254901960784,0.34901960784313724,0.2196078431372549,0.07450980392156863,0.07450980392156863,0.2549019607843137,0.42745098039215684,0.42745098039215684,0.3843137254901961,0.19607843137254902,0.01568627450980392,0.047058823529411764,0.42745098039215684,0.42745098039215684,0.07450980392156863,0,0.07450980392156863,0.26666666666666666,0.42745098039215684,0.42745098039215684,0.3607843137254902,0.3137254901960784,0.3176470588235294,0.4588235294117647,0.5019607843137255,0,0,0.01568627450980392,0.3607843137254902,0.5333333333333333,0.3176470588235294,0.01568627450980392,0,0,0,0,0,0,0,0,0,0,0,0,0.11764705882352941,0.42745098039215684,0.5333333333333333,0.3176470588235294,0.043137254901960784,0,0,0,0,0,0,0,0,0,0,0,0,0.11764705882352941,0.396078431372549,0.5333333333333333,0.396078431372549,0.1607843137254902,0,0,0,0,0,0,0,0,0,0,0,0,0.043137254901960784,0.26666666666666666,0.48627450980392156],"x":11,"y":3}