{"input":[0,0,0,0,0,0,0.3607843137254902,1,1,0.03137254901960784,0,0,0,0,0,0,0,0,0,0,0.1607843137254902,1,1,0.03137254901960784,0,0,0,0,0,0,0,0,0,0,0.11764705882352941,1,1,0.01568627450980392,0,0,0,0,0.48627450980392156,0.48627450980392156,0.4745098039215686,0.4745098039215686,0.4745098039215686,0.4588235294117647,0.5333333333333333,1,1,0.07450980392156863,0,0,0,0,0,0,0,0,0,0,0.06274509803921569,1,1,0.06274509803921569,0,0,0,0,0.42745098039215684,0.3137254901960784,0.2549019607843137,0.1607843137254902,0.06274509803921569,0,0.03137254901960784,1,1,0.08627450980392157,0,0,0,0,0,0,0,0,0,0,0,0.9568627450980393,1,0.1607843137254902,0,0,0,0,0,0,0,0,0,0,0,0.7843137254901961,1,0.26666666666666666,0,0,0,0,0,0,0,0,0,0,0,0.6235294117647059,1,0.42745098039215684,0,0,0,0,0.5019607843137255,0.396078431372549,0.2196078431372549,0.06274509803921569,0,0,0,0.4588235294117647,1,0.6470588235294118,0,0,0,0],"x":11,"y":4}