{"input":[0,0.043137254901960784,0.19607843137254902,0.3843137254901961,0.48627450980392156,0.48627450980392156,0.42745098039215684,0.592156862745098,1,1,0.807843137254902,0.7843137254901961,0.7843137254901961,0.7568627450980392,0,0,0,0,0,0,0,0.1607843137254902,0.7843137254901961,1,0.396078431372549,0.13333333333333333,0.2196078431372549,0.2901960784313726,0,0.11764705882352941,0.19607843137254902,0.3843137254901961,0.5019607843137255,0.5019607843137255,0.4588235294117647,0.42745098039215684,0.7215686274509804,1,1,1,1,0.592156862745098,0,0,0,0,0.06274509803921569,0.19607843137254902,0.3176470588235294,0.396078431372549,0.5019607843137255,0.5568627450980392,0.5568627450980392,0.5333333333333333,0.4588235294117647,0.396078431372549,0,0,0,0,0,0,0,0,0,0,0,0,0,0,0,0,0,0,0,0,0,0,0,0,0,0,0,0,0,0,0,0,0,0,0,0,0,0,0,0,0,0,0,0,0,0,0,0,0,0,0,0,0,0,0,0.2901960784313726,0,0,0,0,0,0,0,0,0,0,0,0,0.4588235294117647,0.23137254901960785,0,0,0,0,0,0,0,0,0,0.047058823529411764,0.3137254901960784,0.8117647058823529,0.3843137254901961,0.26666666666666666],"x":12,"y":4}