{"input":[0,0,0,0,0,0,0,0,0,0,0,0,0,0,0,0,0,0,0,0,0,0,0,0,0,0,0,0,0,0,0,0,0,0,0,0,0,0,0,0,0,0,0,0,0,0,0,0,0,0,0,0,0,0,0,0,0,0,0,0,0,0,0,0.03137254901960784,0.03137254901960784,0,0,0,0,0,0.592156862745098,0.8117647058823529,1,0.7843137254901961,0.5568627450980392,0.5333333333333333,0.6235294117647059,0.5333333333333333,0.5568627450980392,0.8549019607843137,0.3137254901960784,0.19607843137254902,0.11764705882352941,0.01568627450980392,0.2901960784313726,0.3254901960784314,0.34901960784313724,0.26666666666666666,0.2196078431372549,0.5019607843137255,0.043137254901960784,0,0,0.03137254901960784,0.5019607843137255,0.13333333333333333,0,0,0.5019607843137255,0.5333333333333333,0.4588235294117647,0.42745098039215684,0.4588235294117647,0.5568627450980392,0.4745098039215686,0.42745098039215684,0.396078431372549,0.26666666666666666,0.047058823529411764,0.4588235294117647,0.13333333333333333,0,0,0,0,0,0,0,0.047058823529411764,0.26666666666666666,0.42745098039215684,0.3254901960784314,0.23137254901960785,0.1607843137254902,0.5568627450980392,0.11764705882352941,0,0,0,0,0,0,0,0,0,0.19607843137254902,0.13333333333333333,0,0,0.5333333333333333],"x":12,"y":7}