{"input":[0,0,0,0,0,0,0,0,0,0,0,0,0,0.01568627450980392,0,0,0,0,0,0,0,0,0,0.03137254901960784,0.19607843137254902,0.396078431372549,0.5019607843137255,0.42745098039215684,0,0,0,0,0,0.03137254901960784,0.19607843137254902,0.396078431372549,0.5019607843137255,0.42745098039215684,0.23137254901960785,0.043137254901960784,0,0,0,0.01568627450980392,0.1843137254901961,0.396078431372549,0.5019607843137255,0.42745098039215684,0.23137254901960785,0.043137254901960784,0,0,0,0,0,0,0.5019607843137255,0.42745098039215684,0.23137254901960785,0.047058823529411764,0,0,0,0,0,0,0,0,0,0,0,0,0,0,0,0,0.01568627450980392,0.08627450980392157,0.1843137254901961,0.2901960784313726,0.34901960784313724,0.3607843137254902,0.3254901960784314,0.23137254901960785,0.13333333333333333,0.1607843137254902,0.19607843137254902,0.34901960784313724,0.4588235294117647,0.48627450980392156,0.42745098039215684,0.34901960784313724,0.2196078431372549,0.12941176470588237,0.07450980392156863,0.06274509803921569,0.08627450980392157,0.1607843137254902,0.7019607843137254,0.42745098039215684,0.23137254901960785,0.07450980392156863,0,0,0,0,0,0,0,0,0,0,0,0,0,0,0,0,0,0,0,0,0,0,0,0,0,0,0,0,0,0,0,0,0,0,0,0,0,0],"x":13,"y":14}