{"input":[0,0,0,0,0,0,0,0,0,0,0,0,0,0,0,0,0,0,0,0,0,0,0,0,0,0,0,0,0,0.08627450980392157,0.2549019607843137,0.2549019607843137,0.08627450980392157,0,0,0,0,0,0,0,0,0,0.4588235294117647,0.34901960784313724,0.1607843137254902,0.1607843137254902,0.34901960784313724,0.5019607843137255,0.3607843137254902,0.047058823529411764,0,0,0,0,0,0,0,0,0,0,0,0,0.08627450980392157,0.42745098039215684,0.4588235294117647,0.047058823529411764,0,0,0,0,0,0,0,0,0,0,0,0,0.047058823529411764,0.4588235294117647,0.42745098039215684,0.01568627450980392,0,0,0.2196078431372549,0.19607843137254902,0.1607843137254902,0.12941176470588237,0.08627450980392157,0.06274509803921569,0.043137254901960784,0.01568627450980392,0,0,0.047058823529411764,0.4588235294117647,0.3254901960784314,0,0.1843137254901961,0.2196078431372549,0.23137254901960785,0.26666666666666666,0.3176470588235294,0.3607843137254902,0.396078431372549,0.42745098039215684,0.4588235294117647,0.48627450980392156,0.4745098039215686,0.396078431372549,0.5568627450980392,0.9568627450980393,0,0,0,0,0,0,0,0,0,0,0,0,0.043137254901960784,0.08627450980392157,0,0,0,0,0,0,0,0,0,0,0,0,0,0],"x":13,"y":16}