{"input":[0,0.07450980392156863,0.1843137254901961,0.3254901960784314,0.4588235294117647,0.5019607843137255,0.42745098039215684,0.26666666666666666,0.07450980392156863,0,0,0,0,0,0.42745098039215684,0.3607843137254902,0.23137254901960785,0.08627450980392157,0,0,0,0,0,0,0,0,0,0,0,0,0,0,0,0,0,0,0,0,0,0,0,0,0.01568627450980392,0,0,0,0,0,0,0,0,0,0,0,0,0,0.42745098039215684,0.4588235294117647,0.5019607843137255,0.396078431372549,0.2196078431372549,0.043137254901960784,0,0,0,0,0,0,0,0,0,0,0,0.01568627450980392,0.1843137254901961,0.3843137254901961,0.5568627450980392,0.42745098039215684,0.1843137254901961,0.13333333333333333,0.13333333333333333,0.13333333333333333,0.13333333333333333,0.13333333333333333,0,0.08627450980392157,0.2901960784313726,0.42745098039215684,0.4745098039215686,0.42745098039215684,0.3607843137254902,0.3176470588235294,0.2901960784313726,0.26666666666666666,0.26666666666666666,0.26666666666666666,0.26666666666666666,0.26666666666666666,0.48627450980392156,0.3254901960784314,0.13333333333333333,0.01568627450980392,0,0,0,0,0,0,0,0,0,0,0,0,0,0,0,0,0,0,0,0,0,0,0,0,0,0,0,0,0,0,0,0,0,0,0,0,0,0],"x":13,"y":12}