{"input":[0.1843137254901961,0.396078431372549,0.6235294117647059,1,0.6470588235294118,0.08627450980392157,0,0,0,0,0,0,0,0,0.23137254901960785,0.047058823529411764,0,0,0.11764705882352941,0.4588235294117647,0.4588235294117647,0.11764705882352941,0,0,0,0,0,0,0,0,0,0,0,0,0.03137254901960784,0.3254901960784314,0.5019607843137255,0.42745098039215684,0.26666666666666666,0.13333333333333333,0.047058823529411764,0,0,0,0,0,0,0,0,0,0,0.01568627450980392,0.13333333333333333,0.26666666666666666,0.3843137254901961,0.42745098039215684,0,0,0,0,0,0,0,0,0,0,0,0,0,0,0.13333333333333333,0.047058823529411764,0,0,0,0,0,0,0,0,0,0,0,0,0.26666666666666666,0.3843137254901961,0.4588235294117647,0.48627450980392156,0.42745098039215684,0.3843137254901961,0.3607843137254902,0.34901960784313724,0.3254901960784314,0.3176470588235294,0.2901960784313726,0.2901960784313726,0.26666666666666666,0.2549019607843137,0,0,0,0,0.01568627450980392,0.047058823529411764,0.06274509803921569,0.07450980392156863,0.08627450980392157,0.08627450980392157,0.11764705882352941,0.12941176470588237,0.13333333333333333,0.1607843137254902,0,0,0,0,0,0,0,0,0,0,0,0,0,0,0,0,0,0,0,0,0,0,0,0,0,0,0,0],"x":13,"y":15}