{"input":[0.34901960784313724,0.08627450980392157,0,0,0,0,0,0.08627450980392157,0.13333333333333333,0.13333333333333333,0.01568627450980392,0,0,0,0.08627450980392157,0.34901960784313724,0.5019607843137255,0.4588235294117647,0.3254901960784314,0.1607843137254902,0.043137254901960784,0,0,0.01568627450980392,0.23137254901960785,0.3607843137254902,0.3843137254901961,0.3137254901960784,0,0,0,0,0.08627450980392157,0.23137254901960785,0.4745098039215686,0.7215686274509804,0.4588235294117647,0.42745098039215684,0.396078431372549,0.3176470588235294,0.3137254901960784,0.3843137254901961,0,0,0,0,0,0.08627450980392157,0.5333333333333333,0,0,0.5568627450980392,0.06274509803921569,0.06274509803921569,0.11764705882352941,0.6470588235294118,0,0,0,0,0.2549019607843137,0.4588235294117647,0,0.1607843137254902,0.5568627450980392,0.01568627450980392,0,0,0.48627450980392156,0.043137254901960784,0,0,0,0.48627450980392156,0.26666666666666666,0,0.396078431372549,0.3607843137254902,0,0,0,0.34901960784313724,0.19607843137254902,0.08627450980392157,0,0.2196078431372549,0.5568627450980392,0.043137254901960784,0.06274509803921569,0.592156862745098,0.12941176470588237,0,0,0,0.26666666666666666,0.3137254901960784,0,0.5568627450980392,0.5333333333333333,0.2549019607843137,0,0.3254901960784314,0.4588235294117647,0,0,0,0,0.23137254901960785,0.3607843137254902,0,0.592156862745098,0,0,0.08627450980392157,0.5568627450980392,0.1607843137254902,0,0,0,0,0.19607843137254902,0.42745098039215684,0,0.5333333333333333,0.06274509803921569,0.06274509803921569,0.4588235294117647,0.34901960784313724,0,0,0,0,0,0.1843137254901961,0.42745098039215684,0,0.6470588235294118,0.26666666666666666,0.11764705882352941,0.043137254901960784],"x":13,"y":3}