{"input":[0,0,0,0,0,0,0,0,0,0,0,0,0,0.01568627450980392,0,0,0,0,0,0,0,0,0,0,0,0,0,0,0.592156862745098,0,0.03137254901960784,0,0,0,0,0,0,0,0,0,0,0,0.047058823529411764,0.592156862745098,0,0.1607843137254902,0,0,0,0,0,0,0,0,0,0,0,0.03137254901960784,0.592156862745098,0.01568627450980392,0.1843137254901961,0.01568627450980392,0,0,0,0,0,0,0,0,0,0,0.01568627450980392,0.5568627450980392,0.07450980392156863,0.2901960784313726,0.08627450980392157,0,0,0,0,0,0,0,0,0,0,0,0.5019607843137255,0.1607843137254902,0.396078431372549,0.4588235294117647,0.13333333333333333,0,0,0,0,0,0,0,0,0,0,0.3607843137254902,0.3137254901960784,0.26666666666666666,0.6235294117647059,0.48627450980392156,0.2901960784313726,0,0,0,0,0,0,0,0,0,0.1843137254901961,0.48627450980392156,0.13333333333333333,0.48627450980392156,0.2549019607843137,0.4588235294117647,0.396078431372549,0.047058823529411764,0,0,0,0,0,0,0,0.03137254901960784,0.5333333333333333,0.1607843137254902,0.3843137254901961,0.3254901960784314,0.047058823529411764,0.396078431372549],"x":14,"y":1}