{"input":[0,0,0,0,0,0,0,0,0,0,0,0,0,0,0,0,0,0,0,0,0,0,0,0,0,0,0,0,0,0,0,0,0,0,0,0,0,0,0,0,0,0,0,0,0,0,0,0,0,0,0,0,0,0,0.12941176470588237,0.26666666666666666,0,0,0,0,0,0,0,0,0,0,0,0.11764705882352941,0.26666666666666666,0.3254901960784314,0,0,0,0,0,0,0.07450980392156863,0.23137254901960785,0.3843137254901961,0.4588235294117647,0.396078431372549,0.26666666666666666,0.13333333333333333,0.1607843137254902,0.13333333333333333,0.23137254901960785,0.3254901960784314,0.42745098039215684,0.5568627450980392,0.7019607843137254,0.7215686274509804,0.6235294117647059,0.4588235294117647,0.3843137254901961,0.48627450980392156,0.7568627450980392,1,0.5568627450980392,0,0,0,0,0,0,0.13333333333333333,0.2901960784313726,0.4588235294117647,0.42745098039215684,0.34901960784313724,0.13333333333333333,0,0,0.13333333333333333,0.26666666666666666,0.396078431372549,0.48627450980392156,0.4745098039215686,0.396078431372549,0.26666666666666666,0.2549019607843137,0,0,0,0,0,0,0.26666666666666666,0.13333333333333333,0.03137254901960784,0,0,0,0,0.23137254901960785,0,0,0,0,0,0],"x":14,"y":6}