{"input":[0,0,0,0,0,0,0,0,0,0,0,0,0,0,0,0,0,0,0,0,0,0,0,0,0,0,0,0,0,0.01568627450980392,0.08627450980392157,0.13333333333333333,0.1607843137254902,0.19607843137254902,0.11764705882352941,0.01568627450980392,0,0,0,0,0,0,0,0,0,0,0,0,0.13333333333333333,0.3254901960784314,0.4588235294117647,0.4588235294117647,0.26666666666666666,0.043137254901960784,0,0,0.13333333333333333,0.11764705882352941,0.08627450980392157,0.08627450980392157,0.08627450980392157,0.11764705882352941,0.12941176470588237,0.13333333333333333,0.1607843137254902,0.23137254901960785,0.4588235294117647,0.9568627450980393,0.8431372549019608,0.42745098039215684,0.26666666666666666,0.3137254901960784,0.3137254901960784,0.3176470588235294,0.3137254901960784,0.2901960784313726,0.26666666666666666,0.2549019607843137,0.19607843137254902,0.1607843137254902,0.12941176470588237,0.08627450980392157,0.047058823529411764,0.043137254901960784,0,0,0,0,0,0,0,0,0,0,0,0,0,0,0,0,0,0,0,0,0,0,0,0,0,0,0,0,0,0,0,0,0,0,0,0,0,0,0,0,0,0,0,0,0,0,0,0,0,0,0,0,0,0,0,0],"x":16,"y":15}