{"input":[0,0,0,0,0.42745098039215684,0.26666666666666666,0,0.42745098039215684,0.11764705882352941,0,0,0,0,0,0,0,0,0.5568627450980392,0.1607843137254902,0,0.3137254901960784,0.08627450980392157,0,0.34901960784313724,0.48627450980392156,0.48627450980392156,0.48627450980392156,0.4588235294117647,0,0.03137254901960784,0.592156862745098,0.06274509803921569,0,0.19607843137254902,0.07450980392156863,0.1607843137254902,0.5333333333333333,0.08627450980392157,0,0,0,0,0.08627450980392157,0.592156862745098,0,0,0.11764705882352941,0.06274509803921569,0.12941176470588237,0.4588235294117647,0,0,0,0,0,0,0.5019607843137255,0,0,0.07450980392156863,0.07450980392156863,0.043137254901960784,0.5568627450980392,0,0,0,0,0,0,0,0,0,0,0.03137254901960784,0,0.592156862745098,0,0,0,0,0,0,0,0,0,0,0,0,0.4588235294117647,0.08627450980392157,0,0,0,0,0,0,0,0,0,0,0,0.2196078431372549,0.2901960784313726,0,0,0,0,0,0,0,0,0,0,0,0.03137254901960784,0.5333333333333333,0,0,0,0,0,0,0,0,0,0,0,0,0.5019607843137255,0.043137254901960784,0,0,0,0,0,0,0,0,0,0],"x":4,"y":11}