{"input":[0,0,0.01568627450980392,0.12941176470588237,0.2901960784313726,0.42745098039215684,0.4745098039215686,0.48627450980392156,0.4588235294117647,0.3843137254901961,0.2901960784313726,0.2196078431372549,0.1607843137254902,0.12941176470588237,0.42745098039215684,0.5019607843137255,0.42745098039215684,0.2901960784313726,0.13333333333333333,0.01568627450980392,0,0,0,0.047058823529411764,0.23137254901960785,0.3843137254901961,0.4588235294117647,0.4745098039215686,0.01568627450980392,0,0,0,0,0.01568627450980392,0.1607843137254902,0.2549019607843137,0.3254901960784314,0.2901960784313726,0.1843137254901961,0.07450980392156863,0.01568627450980392,0,0,0,0.11764705882352941,0.3137254901960784,0.5019607843137255,0.592156862745098,0.5019607843137255,0.4588235294117647,0.42745098039215684,0.3843137254901961,0.3843137254901961,0.3843137254901961,0.396078431372549,0.42745098039215684,0.043137254901960784,0.13333333333333333,0.11764705882352941,0.047058823529411764,0.01568627450980392,0,0,0,0,0,0,0,0,0,0,0,0,0,0,0,0,0,0,0,0,0,0,0,0,0,0,0,0,0,0,0,0,0,0,0,0,0,0,0,0,0,0,0,0,0,0,0,0,0,0,0,0,0,0,0,0,0,0,0,0,0,0,0,0,0,0,0,0,0,0,0,0,0,0,0,0,0,0,0],"x":5,"y":3}