{"input":[0,0,0,0,0,0,0,0,0,0,0,0,0,0,0,0,0,0,0,0,0,0,0,0,0,0,0,0,0.48627450980392156,0.48627450980392156,0.48627450980392156,0.48627450980392156,0.48627450980392156,0.4588235294117647,0.34901960784313724,0.23137254901960785,0.11764705882352941,0.047058823529411764,0,0,0,0,0,0,0,0,0,0,0,0,0.03137254901960784,0.06274509803921569,0.03137254901960784,0,0,0,0,0,0,0,0,0,0,0,0,0,0,0,0,0,0.4588235294117647,0.396078431372549,0.34901960784313724,0.2549019607843137,0.13333333333333333,0.03137254901960784,0,0,0,0,0,0,0,0,0.2196078431372549,0.2901960784313726,0.3607843137254902,0.4588235294117647,0.6235294117647059,0.8117647058823529,0.7568627450980392,0.6235294117647059,0.42745098039215684,0.2549019607843137,0.06274509803921569,0,0,0,0.01568627450980392,0.11764705882352941,0.2549019607843137,0.42745098039215684,0.42745098039215684,0.3176470588235294,0.592156862745098,0.7215686274509804,0.42745098039215684,0.5019607843137255,0.8117647058823529,0.8941176470588236,0.7019607843137254,0.48627450980392156,0,0,0.01568627450980392,0.047058823529411764,0.1607843137254902,0.3843137254901961,0.3137254901960784,0.2196078431372549,0.3607843137254902,0.42745098039215684,0.06274509803921569,0,0.13333333333333333,0.34901960784313724,0,0,0,0.19607843137254902,0.01568627450980392,0.12941176470588237,0.1607843137254902,0.23137254901960785,0.2901960784313726,0.1607843137254902,0.3843137254901961,0.48627450980392156,0.043137254901960784,0],"x":6,"y":4}