{"input":[0.5333333333333333,0.396078431372549,0.2901960784313726,0.19607843137254902,0.08627450980392157,0.01568627450980392,0,0,0,0,0,0,0,0,0,0,0,0,0,0,0,0,0,0,0,0,0,0,0.19607843137254902,0.23137254901960785,0.26666666666666666,0.2901960784313726,0.3137254901960784,0.3176470588235294,0.3176470588235294,0.3137254901960784,0.2901960784313726,0.2549019607843137,0.2196078431372549,0.1607843137254902,0.08627450980392157,0.047058823529411764,0.19607843137254902,0.1607843137254902,0.13333333333333333,0.11764705882352941,0.08627450980392157,0.08627450980392157,0.08627450980392157,0.11764705882352941,0.11764705882352941,0.13333333333333333,0.1843137254901961,0.2196078431372549,0.2901960784313726,0.34901960784313724,0,0,0,0,0,0,0,0,0.01568627450980392,0.12941176470588237,0.2901960784313726,0.3843137254901961,0.396078431372549,0.396078431372549,0,0,0,0,0,0,0,0.01568627450980392,0.08627450980392157,0.13333333333333333,0.1607843137254902,0.1607843137254902,0.1607843137254902,0.23137254901960785,0.03137254901960784,0.03137254901960784,0.01568627450980392,0,0,0,0,0,0,0,0,0,0,0,0.34901960784313724,0.3843137254901961,0.3607843137254902,0.3254901960784314,0.3137254901960784,0.26666666666666666,0.19607843137254902,0.1607843137254902,0.13333333333333333,0.11764705882352941,0.06274509803921569,0,0,0,0,0,0,0,0,0,0,0,0,0,0.01568627450980392,0,0,0,0,0,0,0,0,0,0,0,0,0,0,0,0,0],"x":6,"y":6}