{"input":[0,0,0,0,0,0,0,0.08627450980392157,0.19607843137254902,0.11764705882352941,0,0,0,0,0,0,0,0,0,0,0,0,0,0,0,0,0,0,0.01568627450980392,0,0,0,0,0,0,0,0,0,0,0,0,0,0.396078431372549,0.42745098039215684,0.4588235294117647,0.396078431372549,0.3176470588235294,0.1843137254901961,0.047058823529411764,0,0,0,0,0,0,0,0.396078431372549,0.396078431372549,0.396078431372549,0.42745098039215684,0.4745098039215686,0.592156862745098,0.6470588235294118,0.592156862745098,0.42745098039215684,0.19607843137254902,0,0,0,0,0.2196078431372549,0.1607843137254902,0.047058823529411764,0.01568627450980392,0.01568627450980392,0.06274509803921569,0.1607843137254902,0.2901960784313726,0.396078431372549,0.6235294117647059,0.8117647058823529,0.5019607843137255,0.1843137254901961,0,0.047058823529411764,0.1607843137254902,0.3254901960784314,0.4588235294117647,0.48627450980392156,0.396078431372549,0.2196078431372549,0.043137254901960784,0,0,0,0.06274509803921569,0.1843137254901961,0.2549019607843137,0,0,0,0,0,0.03137254901960784,0.1843137254901961,0.3843137254901961,0.48627450980392156,0.4588235294117647,0.23137254901960785,0.01568627450980392,0,0,0,0,0,0,0,0,0,0,0,0,0.19607843137254902,0.42745098039215684,0.3843137254901961,0.047058823529411764,0,0,0,0,0,0,0,0,0,0,0.08627450980392157,0.23137254901960785,0.2901960784313726,0.5019607843137255],"x":6,"y":7}