{"input":[0,0,0,0,0,0,0,0.11764705882352941,0.13333333333333333,0,0,0,0,0,0.5568627450980392,0.2901960784313726,0,0,0,0,0,0,0,0,0,0,0,0,0.9568627450980393,0.5333333333333333,0.48627450980392156,0.3176470588235294,0,0,0,0,0,0,0,0,0,0,1,0.8431372549019608,0.07450980392156863,0.08627450980392157,0.48627450980392156,0.42745098039215684,0.11764705882352941,0,0,0,0,0,0,0,0.7215686274509804,0.3843137254901961,0.807843137254902,0.5568627450980392,0.01568627450980392,0,0.3254901960784314,0.5333333333333333,0.3607843137254902,0.06274509803921569,0,0,0,0,0,0,0,0.13333333333333333,0.5333333333333333,0.2901960784313726,0,0,0.08627450980392157,0.3843137254901961,0.5333333333333333,0.34901960784313724,0.06274509803921569,0,0.2901960784313726,0.07450980392156863,0,0,0,0.06274509803921569,0.13333333333333333,0,0,0,0,0.08627450980392157,0.3843137254901961,0.5333333333333333,0.34901960784313724,0.6470588235294118,0.8862745098039215,0.396078431372549,0.01568627450980392,0,0,0,0,0,0,0,0,0,0,0,0,0.26666666666666666,0.8941176470588236,0.34901960784313724,0,0,0,0,0,0,0,0,0,0,0,0,0,0.42745098039215684,0.7843137254901961,0.047058823529411764,0,0,0,0,0,0],"x":7,"y":5}