{"input":[0.08627450980392157,0.1607843137254902,0.07450980392156863,0,0,0,0.1843137254901961,0.5333333333333333,0.01568627450980392,0,0,0,0,0.03137254901960784,0.2901960784313726,0.03137254901960784,0,0,0,0.26666666666666666,0.396078431372549,0,0,0,0,0,0.043137254901960784,0.592156862745098,0.01568627450980392,0.34901960784313724,0.01568627450980392,0,0.1607843137254902,0.396078431372549,0,0,0,0,0,0,0.592156862745098,0,0.5568627450980392,0.19607843137254902,0.19607843137254902,0,0.5568627450980392,0,0,0,0,0,0,0.5568627450980392,0.03137254901960784,0,0,0,0,0.1843137254901961,0.23137254901960785,0,0,0,0,0,0.42745098039215684,0.13333333333333333,0,0,0,0,0,0.3843137254901961,0.047058823529411764,0,0,0,0,0.2196078431372549,0.3176470588235294,0,0,0,0,0,0,0.396078431372549,0,0,0.13333333333333333,0.2901960784313726,0.23137254901960785,0.5019607843137255,0,0,0,0,0,0,0,0.26666666666666666,0.5019607843137255,0.5019607843137255,0.2901960784313726,0,0.5333333333333333,0,0.06274509803921569,0.043137254901960784,0,0,0,0,0,0.5333333333333333,0.07450980392156863,0,0,0.07450980392156863,0.34901960784313724,0.01568627450980392,0.12941176470588237,0,0,0,0,0,0.11764705882352941,0.3137254901960784,0,0,0,0.13333333333333333,0.26666666666666666,0.2196078431372549,0,0,0,0],"x":7,"y":8}