{"input":[0.07450980392156863,0,0.7843137254901961,0.1843137254901961,0.4588235294117647,0.2196078431372549,0.1843137254901961,0.5568627450980392,0.13333333333333333,0,0,0,0,0,0,0,0.5333333333333333,0.42745098039215684,0.12941176470588237,0.5019607843137255,0.2549019607843137,0,0,0,0,0,0,0,0,0,0.42745098039215684,0.7019607843137254,0.5333333333333333,0,0,0,0,0,0,0,0,0,0.3843137254901961,0.8941176470588236,0.2549019607843137,0,0.42745098039215684,0,0,0,0,0,0,0,0,0,0.5568627450980392,0.043137254901960784,0,0,0.6235294117647059,0.4588235294117647,0.4745098039215686,0.4745098039215686,0.4745098039215686,0.4745098039215686,0.48627450980392156,0.48627450980392156,0.48627450980392156,0.4745098039215686,0,0,0,0,0.5019607843137255,0,0,0,0,0,0,0,0,0,0,0,0,0,0.48627450980392156,0,0,0,0,0,0,0,0,0,0,0,0,0,0.3607843137254902,0.5333333333333333,0.4588235294117647,0.4745098039215686,0.48627450980392156,0.48627450980392156,0.48627450980392156,0.48627450980392156,0.4745098039215686,0.4588235294117647,0,0.03137254901960784,0.043137254901960784,0,0.34901960784313724,0.1607843137254902,0,0,0,0,0,0,0,0,0,0.1607843137254902,0,0.11764705882352941,0.48627450980392156,0,0,0,0,0,0,0,0,0],"x":8,"y":11}