{"input":[0,0,0,0,0,0,0,0,0,0,0,0,0,0,0,0,0,0,0,0,0,0,0,0,0.03137254901960784,0.08627450980392157,0.01568627450980392,0,0,0,0,0,0,0,0,0.07450980392156863,0.1843137254901961,0.1607843137254902,0.08627450980392157,0,0,0,0,0.047058823529411764,0.08627450980392157,0.19607843137254902,0.34901960784313724,0.396078431372549,0.34901960784313724,0.1607843137254902,0,0,0,0,0,0,0.42745098039215684,0.3843137254901961,0.3137254901960784,0.2196078431372549,0.06274509803921569,0,0,0,0,0,0,0,0,0.2196078431372549,0,0,0,0,0,0,0,0,0,0.01568627450980392,0.19607843137254902,0.4588235294117647,0.5019607843137255,0.2196078431372549,0.03137254901960784,0.07450980392156863,0.11764705882352941,0.1607843137254902,0.2196078431372549,0.2901960784313726,0.3843137254901961,0.4588235294117647,0.5019607843137255,0.42745098039215684,0.2196078431372549,0.01568627450980392,0,0,0.396078431372549,0.3607843137254902,0.3137254901960784,0.2549019607843137,0.19607843137254902,0.12941176470588237,0.043137254901960784,0,0,0,0,0,0,0,0,0,0,0,0,0,0,0,0,0,0,0,0,0,0,0,0,0,0,0,0,0,0,0,0,0,0,0],"x":8,"y":12}