{"input":[0.23137254901960785,0.2196078431372549,0.1843137254901961,0.13333333333333333,0.08627450980392157,0.03137254901960784,0,0,0,0,0,0,0,0,0.13333333333333333,0.1607843137254902,0.19607843137254902,0.2549019607843137,0.3254901960784314,0.396078431372549,0.4745098039215686,0.48627450980392156,0.48627450980392156,0.4588235294117647,0.3137254901960784,0.13333333333333333,0,0,0,0,0,0,0,0,0,0,0,0,0.11764705882352941,0.26666666666666666,0.4588235294117647,0.5019607843137255,0,0,0,0,0,0,0,0,0,0,0,0,0,0,0.48627450980392156,0.48627450980392156,0.48627450980392156,0.48627450980392156,0.48627450980392156,0.48627450980392156,0.4745098039215686,0.4588235294117647,0.3843137254901961,0.26666666666666666,0.13333333333333333,0.01568627450980392,0,0,0,0,0,0,0,0,0,0,0.047058823529411764,0.1607843137254902,0.26666666666666666,0.42745098039215684,0.5019607843137255,0.4745098039215686,0,0,0,0,0,0,0,0,0,0,0,0,0,0,0.1843137254901961,0,0,0,0,0,0,0,0,0,0,0,0,0,0.23137254901960785,0.48627450980392156,0.4745098039215686,0.2196078431372549,0,0,0,0,0,0,0,0,0,0,0,0,0,0.2196078431372549,0.48627450980392156,0.4588235294117647,0.1607843137254902,0,0,0,0,0,0,0],"x":8,"y":3}