{"input":[0,0,0,0,0,0,0,0,0.1843137254901961,0.1607843137254902,0,0.8549019607843137,1,0.4588235294117647,0,0,0,0,0,0,0,0,0,0,0,0.26666666666666666,1,1,0.42745098039215684,0.13333333333333333,0,0,0,0,0,0,0,0,0,0,0.6470588235294118,1,0.01568627450980392,0.26666666666666666,0.48627450980392156,0.3176470588235294,0.07450980392156863,0,0,0,0,0,0,0,0.043137254901960784,1,0,0,0.07450980392156863,0.11764705882352941,0.1607843137254902,0.19607843137254902,0.11764705882352941,0.01568627450980392,0,0,0,0,0,0.1607843137254902,0.3254901960784314,0.11764705882352941,0,0.03137254901960784,0.19607843137254902,0,0,0,0,0,0,0,0,0,0.08627450980392157,0.3176470588235294,0.5019607843137255,0.42745098039215684,0.08627450980392157,0.3254901960784314,0.01568627450980392,0,0,0,0,0,0,0,0,0,0,0.01568627450980392,0.26666666666666666,0.3176470588235294,0.34901960784313724,0,0,0,0,0,0,0,0,0,0,0,0,0,0.11764705882352941,0.3176470588235294,0.07450980392156863,0,0,0,0,0,0,0,0,0,0,0,0,0,0.08627450980392157,0.03137254901960784,0,0,0,0],"x":8,"y":4}