{"input":[0,0,0,0,0,0,0.12941176470588237,0.9568627450980393,0.23137254901960785,0,0,0,0,0,0.047058823529411764,0,0,0,0,0,0,0,0.6470588235294118,0.42745098039215684,0,0,0,0,0.6470588235294118,0,0,0,0,0,0,0,0,0.4745098039215686,0.5019607843137255,0,0,0,1,0.3607843137254902,0,0,0,0,0,0,0,0,0.592156862745098,0.23137254901960785,0,0,1,1,0.19607843137254902,0,0,0,0,0,0,0,0.01568627450980392,0.8549019607843137,0,0,0.1843137254901961,1,1,0.12941176470588237,0,0,0,0,0,0,0,0.592156862745098,0.08627450980392157,0,0,0.08627450980392157,0.8549019607843137,1,0.42745098039215684,0.08627450980392157,0,0,0,0,0,0.7843137254901961,0.043137254901960784,0,0,0,0,0.03137254901960784,0.19607843137254902,0.7019607843137254,0.7568627450980392,0.42745098039215684,0.3137254901960784,0.2901960784313726,0.6470588235294118,0.396078431372549,0,0,0,0,0,0,0,0,0.043137254901960784,0.2196078431372549,0.3176470588235294,0.3254901960784314,0.1607843137254902,0,0,0,0,0,0,0,0,0,0,0,0,0,0,0,0,0],"x":8,"y":5}