{"input":[0,0,0.2196078431372549,0.1607843137254902,0,0,0,0.11764705882352941,0.592156862745098,0,0,0,0.11764705882352941,0,0,0,0.3254901960784314,0.3254901960784314,0.42745098039215684,0.48627450980392156,0.48627450980392156,0.5568627450980392,0.2549019607843137,0,0,0.1607843137254902,0.03137254901960784,0,0,0,0.42745098039215684,0.19607843137254902,0.01568627450980392,0,0,0.043137254901960784,0.34901960784313724,0,0.1607843137254902,0.07450980392156863,0,0,0,0,0.4745098039215686,0,0,0,0.043137254901960784,0.11764705882352941,0.396078431372549,0.11764705882352941,0.2196078431372549,0,0,0,0,0,0.592156862745098,0.4745098039215686,0.48627450980392156,0.4588235294117647,0.3843137254901961,0.3254901960784314,0.4745098039215686,0.3843137254901961,0,0,0,0.08627450980392157,0,0,0.4588235294117647,0,0,0,0,0,0.6470588235294118,0.01568627450980392,0,0,0.23137254901960785,0.047058823529411764,0,0.01568627450980392,0.42745098039215684,0,0,0,0,0,0.4588235294117647,0,0,0.01568627450980392,0.3607843137254902,0,0,0.06274509803921569,0.3607843137254902,0,0,0,0,0,0.7568627450980392,0.12941176470588237,0,0.3607843137254902,0.01568627450980392,0,0,0.13333333333333333,0.23137254901960785,0,0,0,0,0.07450980392156863,0.42745098039215684,0.3843137254901961,0,0.34901960784313724,0,0,0,0.1843137254901961,0.08627450980392157,0,0,0,0,0.3607843137254902,0.047058823529411764,0.4745098039215686,0.34901960784313724,0.01568627450980392,0,0],"x":8,"y":8}