{"input":[0,0.03137254901960784,0.42745098039215684,0,0,0,0,0,0,0,0.11764705882352941,0.48627450980392156,0.1843137254901961,0.01568627450980392,0,0.3176470588235294,0.12941176470588237,0,0,0,0,0,0,0,0,0.5333333333333333,0.3607843137254902,0.396078431372549,0,0.5333333333333333,0,0,0,0,0,0,0,0.12941176470588237,0.6235294117647059,0.48627450980392156,0,0.1607843137254902,0.42745098039215684,0.11764705882352941,0,0,0,0,0,0,0.34901960784313724,0.3607843137254902,0.396078431372549,0.047058823529411764,0,0.5019607843137255,0.2901960784313726,0,0,0,0,0,0.01568627450980392,0.5333333333333333,0.1843137254901961,0.01568627450980392,0.42745098039215684,0,0.4588235294117647,0.06274509803921569,0,0,0,0,0,0.11764705882352941,0.5568627450980392,0.047058823529411764,0,0.4588235294117647,0.03137254901960784,0.13333333333333333,0.3607843137254902,0.01568627450980392,0,0,0,0,0.2549019607843137,0.4588235294117647,0,0,0.07450980392156863,0.42745098039215684,0,0.5568627450980392,0,0.1843137254901961,0,0,0,0.396078431372549,0.3137254901960784,0,0,0,0.4588235294117647,0.01568627450980392,0.2901960784313726,0.1843137254901961,0,0.3254901960784314,0,0,0.5333333333333333,0.1607843137254902,0,0,0,0.07450980392156863,0.396078431372549,0,0.5019607843137255,0,0,0.42745098039215684,0.06274509803921569,0.592156862745098,0.06274509803921569,0,0,0,0,0.4745098039215686,0.01568627450980392,0.3176470588235294,0.08627450980392157,0,0,0.48627450980392156],"x":9,"y":10}