{"input":[0,0.1607843137254902,0.11764705882352941,0,0,0,0,0.592156862745098,0,0.1607843137254902,0.4588235294117647,0,0,0,0,0.1843137254901961,0,0,0,0,0.1607843137254902,0.396078431372549,0,0,0.5333333333333333,0.01568627450980392,0,0.19607843137254902,0.19607843137254902,0,0,0,0,0,0.5019607843137255,0.11764705882352941,0,0.03137254901960784,0.06274509803921569,0.5333333333333333,0,0.396078431372549,0.03137254901960784,0,0,0,0,0.13333333333333333,0.3176470588235294,0.12941176470588237,0,0,0.19607843137254902,0.13333333333333333,0.4588235294117647,0.2901960784313726,0,0,0,0,0,0.5333333333333333,0.06274509803921569,0.13333333333333333,0,0,0.2901960784313726,0.06274509803921569,0.1843137254901961,0.5333333333333333,0,0,0,0,0.12941176470588237,0.2901960784313726,0.23137254901960785,0.03137254901960784,0,0,0.11764705882352941,0.3137254901960784,0,0.047058823529411764,0,0,0,0.23137254901960785,0.7019607843137254,0.19607843137254902,0.396078431372549,0,0,0,0.03137254901960784,0.396078431372549,0,0,0,0.08627450980392157,0.592156862745098,0.2196078431372549,0,0.26666666666666666,0.592156862745098,0,0,0,0.12941176470588237,0.4588235294117647,0,0,0.3843137254901961,0.7568627450980392,0.1607843137254902,0,0,0,0.5019607843137255,0,0,0,0.13333333333333333,0.4588235294117647,0,0,0.11764705882352941,0.48627450980392156,0,0,0,0,0.19607843137254902,0.4588235294117647,0.11764705882352941,0,0,0.48627450980392156,0,0],"x":9,"y":8}